<?xml version="1.0"?>
<doc>
    <assembly>
        <name>Jellyfin.Plugin.AssignThemeSong</name>
    </assembly>
    <members>
        <member name="T:Jellyfin.Plugin.AssignThemeSong.Api.ScriptController">
            <summary>
            Controller to serve plugin scripts.
            </summary>
        </member>
        <member name="M:Jellyfin.Plugin.AssignThemeSong.Api.ScriptController.GetScript">
            <summary>
            Serves the main plugin script.
            </summary>
            <returns>The plugin JavaScript.</returns>
        </member>
        <member name="M:Jellyfin.Plugin.AssignThemeSong.Api.ScriptController.GetAssignThemeSongScript">
            <summary>
            Serves the assignThemeSong module script.
            </summary>
            <returns>The assignThemeSong JavaScript module.</returns>
        </member>
        <member name="T:Jellyfin.Plugin.AssignThemeSong.Helpers.TransformationPatches">
            <summary>
            Transformation patches for File Transformation Plugin.
            </summary>
        </member>
        <member name="M:Jellyfin.Plugin.AssignThemeSong.Helpers.TransformationPatches.IndexHtml(Jellyfin.Plugin.AssignThemeSong.Models.PatchRequestPayload)">
            <summary>
            Patches index.html to inject our script.
            This is called by File Transformation plugin via reflection.
            </summary>
            <param name="content">The PatchRequestPayload containing the HTML content.</param>
            <returns>The modified HTML content as string.</returns>
        </member>
        <member name="T:Jellyfin.Plugin.AssignThemeSong.Models.PatchRequestPayload">
            <summary>
            Payload for File Transformation Plugin patches.
            </summary>
        </member>
        <member name="P:Jellyfin.Plugin.AssignThemeSong.Models.PatchRequestPayload.Contents">
            <summary>
            Gets or sets the content to be patched.
            </summary>
        </member>
        <member name="T:Jellyfin.Plugin.AssignThemeSong.Plugin">
            <summary>
            The main plugin class.
            </summary>
        </member>
        <member name="M:Jellyfin.Plugin.AssignThemeSong.Plugin.#ctor(MediaBrowser.Common.Configuration.IApplicationPaths,MediaBrowser.Model.Serialization.IXmlSerializer,Microsoft.Extensions.Logging.ILogger{Jellyfin.Plugin.AssignThemeSong.Plugin},MediaBrowser.Controller.Configuration.IServerConfigurationManager)">
            <summary>
            Initializes a new instance of the <see cref="T:Jellyfin.Plugin.AssignThemeSong.Plugin"/> class.
            </summary>
            <param name="applicationPaths">Instance of the <see cref="T:MediaBrowser.Common.Configuration.IApplicationPaths"/> interface.</param>
            <param name="xmlSerializer">Instance of the <see cref="T:MediaBrowser.Model.Serialization.IXmlSerializer"/> interface.</param>
            <param name="logger">Instance of the <see cref="T:Microsoft.Extensions.Logging.ILogger"/> interface.</param>
            <param name="configurationManager">Instance of the <see cref="T:MediaBrowser.Controller.Configuration.IServerConfigurationManager"/> interface.</param>
        </member>
        <member name="P:Jellyfin.Plugin.AssignThemeSong.Plugin.Name">
            <inheritdoc />
        </member>
        <member name="P:Jellyfin.Plugin.AssignThemeSong.Plugin.Id">
            <inheritdoc />
        </member>
        <member name="P:Jellyfin.Plugin.AssignThemeSong.Plugin.Instance">
            <summary>
            Gets the plugin instance.
            </summary>
        </member>
        <member name="P:Jellyfin.Plugin.AssignThemeSong.Plugin.Description">
            <inheritdoc />
        </member>
        <member name="M:Jellyfin.Plugin.AssignThemeSong.Plugin.TryRegisterFileTransformation(MediaBrowser.Controller.Configuration.IServerConfigurationManager,Microsoft.Extensions.Logging.ILogger{Jellyfin.Plugin.AssignThemeSong.Plugin})">
            <summary>
            Attempts to register transformation with File Transformation plugin using reflection.
            </summary>
            <param name="configurationManager">Configuration manager for network settings.</param>
            <param name="logger">Logger instance for debug output.</param>
            <returns>True if registration succeeded, false otherwise.</returns>
        </member>
        <member name="M:Jellyfin.Plugin.AssignThemeSong.Plugin.TransformIndexHtmlCallback(Jellyfin.Plugin.AssignThemeSong.Models.PatchRequestPayload)">
            <summary>
            Callback method invoked by File Transformation plugin.
            This method signature must match what the File Transformation plugin expects.
            </summary>
            <param name="payload">Payload containing the file contents to transform.</param>
            <returns>Transformed HTML content as string.</returns>
        </member>
        <member name="M:Jellyfin.Plugin.AssignThemeSong.Plugin.GetBasePathFromConfiguration(MediaBrowser.Controller.Configuration.IServerConfigurationManager,Microsoft.Extensions.Logging.ILogger{Jellyfin.Plugin.AssignThemeSong.Plugin})">
            <summary>
            Retrieves the base path from Jellyfin's network configuration.
            </summary>
            <param name="configurationManager">Configuration manager instance.</param>
            <param name="logger">Logger instance for debug output.</param>
            <returns>The configured base path or empty string if unavailable.</returns>
        </member>
        <member name="M:Jellyfin.Plugin.AssignThemeSong.Plugin.GetPages">
            <inheritdoc />
        </member>
        <member name="T:Jellyfin.Plugin.AssignThemeSong.PluginConfiguration">
            <summary>
            Plugin configuration.
            </summary>
        </member>
        <member name="P:Jellyfin.Plugin.AssignThemeSong.PluginConfiguration.OverwriteExistingFiles">
            <summary>
            Gets or sets a value indicating whether to overwrite existing theme files.
            </summary>
        </member>
        <member name="P:Jellyfin.Plugin.AssignThemeSong.PluginConfiguration.AudioBitrate">
            <summary>
            Gets or sets the audio bitrate for downloaded theme songs.
            </summary>
        </member>
        <member name="T:Jellyfin.Plugin.AssignThemeSong.PluginServiceRegistrator">
            <summary>
            Register Assign Theme Song services.
            </summary>
        </member>
        <member name="M:Jellyfin.Plugin.AssignThemeSong.PluginServiceRegistrator.RegisterServices(Microsoft.Extensions.DependencyInjection.IServiceCollection,MediaBrowser.Controller.IServerApplicationHost)">
            <inheritdoc />
        </member>
        <member name="T:Jellyfin.Plugin.AssignThemeSong.Services.StartupTask">
            <summary>
            Startup task for Assign Theme Song plugin.
            </summary>
        </member>
        <member name="M:Jellyfin.Plugin.AssignThemeSong.Services.StartupTask.#ctor(Microsoft.Extensions.Logging.ILogger{Jellyfin.Plugin.AssignThemeSong.Services.StartupTask})">
            <summary>
            Initializes a new instance of the <see cref="T:Jellyfin.Plugin.AssignThemeSong.Services.StartupTask"/> class.
            </summary>
            <param name="logger">Logger instance.</param>
        </member>
        <member name="P:Jellyfin.Plugin.AssignThemeSong.Services.StartupTask.Name">
            <inheritdoc />
        </member>
        <member name="P:Jellyfin.Plugin.AssignThemeSong.Services.StartupTask.Description">
            <inheritdoc />
        </member>
        <member name="P:Jellyfin.Plugin.AssignThemeSong.Services.StartupTask.Category">
            <inheritdoc />
        </member>
        <member name="P:Jellyfin.Plugin.AssignThemeSong.Services.StartupTask.Key">
            <inheritdoc />
        </member>
        <member name="P:Jellyfin.Plugin.AssignThemeSong.Services.StartupTask.IsHidden">
            <inheritdoc />
        </member>
        <member name="P:Jellyfin.Plugin.AssignThemeSong.Services.StartupTask.IsEnabled">
            <inheritdoc />
        </member>
        <member name="P:Jellyfin.Plugin.AssignThemeSong.Services.StartupTask.IsLogged">
            <inheritdoc />
        </member>
        <member name="M:Jellyfin.Plugin.AssignThemeSong.Services.StartupTask.ExecuteAsync(System.IProgress{System.Double},System.Threading.CancellationToken)">
            <inheritdoc />
        </member>
        <member name="M:Jellyfin.Plugin.AssignThemeSong.Services.StartupTask.GetDefaultTriggers">
            <inheritdoc />
        </member>
    </members>
</doc>
